{
  "alerts": {
    "keltner_adx_trend:missing_during_window": 1770966519.588335,
    "stochastic_macd_momentum:missing_during_window": 1770966519.5887182,
    "mean_reversion_pro:missing_during_window": 1770966519.5890949,
    "faber_trend_following:missing_during_window": 1770966519.5894458,
    "rsi2_pullback:missing_during_window": 1770966519.589812,
    "bollinger_mean_reversion:missing_during_window": 1770966519.590173,
    "dual_momentum_proxy:missing_during_window": 1770966519.590616,
    "time_series_momentum:missing_during_window": 1770966519.590997,
    "keltner_adx_trend:dead_pid": 1770965499.173098,
    "rsi2_pullback:dead_pid": 1770965499.1783712,
    "bollinger_mean_reversion:dead_pid": 1770965499.179657,
    "dual_momentum_proxy:dead_pid": 1770965499.1806269,
    "mean_reversion_pro:dead_pid": 1770965499.175715,
    "faber_trend_following:dead_pid": 1770965499.177013,
    "oc_pcr_nifty:missing_during_window": 1770966519.591352,
    "oc_oi_wall_banknifty:missing_during_window": 1770966519.591737,
    "oc_straddle_momentum_nifty:missing_during_window": 1770966519.592109,
    "oc_volume_surge_banknifty:missing_during_window": 1770966519.592463,
    "oc_oi_shift_nifty:missing_during_window": 1770966519.592803,
    "oc_iron_condor_nifty:missing_during_window": 1770966519.593159,
    "oc_short_strangle_banknifty:missing_during_window": 1770966519.593636,
    "oc_bull_spread_nifty:missing_during_window": 1770966519.593973,
    "oc_bear_spread_banknifty:missing_during_window": 1770966519.5942972,
    "oc_iron_butterfly_sensex:missing_during_window": 1770966519.594691,
    "oc_oi_strangle_nifty:missing_during_window": 1770966519.595039,
    "mean_reversion_pro:risk_breach": 1770370552.347508,
    "oc_pcr_nifty:outside_window": 1770371152.801963,
    "oc_oi_wall_banknifty:outside_window": 1770371153.012845,
    "oc_straddle_momentum_nifty:outside_window": 1770371153.2194188,
    "oc_volume_surge_banknifty:outside_window": 1770717662.110854,
    "oc_oi_shift_nifty:outside_window": 1770371153.6366441,
    "oc_iron_condor_nifty:outside_window": 1770371153.8454242,
    "oc_short_strangle_banknifty:outside_window": 1770371154.053174,
    "oc_bull_spread_nifty:outside_window": 1770371154.261803,
    "oc_bear_spread_banknifty:outside_window": 1770371154.4669309,
    "oc_iron_butterfly_sensex:outside_window": 1770371154.6766112,
    "oc_oi_strangle_nifty:outside_window": 1770371154.882472,
    "keltner_adx_trend:outside_window": 1770372055.350694,
    "stochastic_macd_momentum:outside_window": 1770372055.560053,
    "faber_trend_following:outside_window": 1770372055.768672,
    "rsi2_pullback:outside_window": 1770372055.978855,
    "bollinger_mean_reversion:outside_window": 1770372056.182781,
    "dual_momentum_proxy:outside_window": 1770372056.388227,
    "time_series_momentum:outside_window": 1770372056.599802,
    "ai_hybrid_reliance_20260203095647:dead_pid": 1770965499.16721,
    "ai_hybrid_reliance_20260203095647:missing_during_window": 1770966519.586278,
    "ai_hybrid_reliance:dead_pid": 1770965499.171749,
    "ai_hybrid_reliance:missing_during_window": 1770966519.5878642,
    "stochastic_macd_momentum:dead_pid": 1770965499.174431,
    "time_series_momentum:dead_pid": 1770965499.1817331,
    "oc_pcr_nifty:dead_pid": 1770965499.182768,
    "oc_oi_wall_banknifty:dead_pid": 1770965499.183821,
    "oc_straddle_momentum_nifty:dead_pid": 1770965499.1848378,
    "oc_volume_surge_banknifty:dead_pid": 1770965499.1858728,
    "oc_oi_shift_nifty:dead_pid": 1770965499.186989,
    "oc_iron_condor_nifty:dead_pid": 1770965499.187959,
    "oc_short_strangle_banknifty:dead_pid": 1770965499.189044,
    "oc_bull_spread_nifty:dead_pid": 1770965499.190002,
    "oc_bear_spread_banknifty:dead_pid": 1770965499.191115,
    "oc_iron_butterfly_sensex:dead_pid": 1770965499.191999,
    "oc_oi_strangle_nifty:dead_pid": 1770965499.192949
  }
}